InChIKey,Height,Area,RT,Actual RT,RT Delta,m/z (Expected),m/z (Apex),m/z (Delta) (ppm),"Integration Mode (Manual 0, Method 1)","PK (Fail 0, Pass 1)","Confirm (Confirmed 1, Not Found 0)"
DSSYKIVIOFKYAU-XCBNKYQSSA-N,0,0,17.69,0,0,153.13,0,0,0,0,0
UWKAYLJWKGQEPM-UHFFFAOYSA-N,0,0,15.12,0,0,197.15,0,0,0,0,0
BGTBFNDXYDYBEY-FNORWQNLSA-N,250197,4241822,16.6,16.7,0.10,193.16,193.16,1.19,1,1,1
BGTBFNDXYDYBEY-ALCCZGGFSA-N,250197,4241822,16.6,16.7,0.10,193.16,193.16,1.19,1,1,1
VOXZDWNPVJITMN-ZBRFXRBCSA-N,0,0,16.5,0,0,273.18,0,0,0,0,0
DBPWSSGDRRHUNT-CEGNMAFCSA-N,74093,452702,17.57,17.5,-0.07,331.23,331.23,0.66,0,1,1
QRUDEWIWKLJBPS-UHFFFAOYSA-N,0,0,11.89,0,0,120.06,0,0,1,0,0
XFNJVKMNNVCYEK-UHFFFAOYSA-N,0,0,14.13,0,0,186.09,0,0,1,0,0
YIVXMZJTEQBPQO-UHFFFAOYSA-N,0,0,17.52,0,0,249.01,0,0,1,0,0
YIVXMZJTEQBPQO-UHFFFAOYSA-N,0,0,17.52,0,0,249.01,0,0,1,0,0
JHSPCUHPSIUQRB-UHFFFAOYSA-N,0,0,18.66,0,0,189.98,0,0,1,0,0
JTSKVVDMNKQPAO-UHFFFAOYSA-N,0,0,16.38,0,0,234.99,0,0,1,0,0
FNORUNUDZNWQFF-UHFFFAOYSA-N,0,0,16.89,0,0,168.07,0,0,1,0,0
FMRHJJZUHUTGKE-UHFFFAOYSA-N,0,0,20.5,0,0,251.16,0,0,0,0,0
YBGZDTIWKVFICR-JLHYYAGUSA-N,0,0,19.6,0,0,291.2,0,0,0,0,0
LLEMOWNGBBNAJR-UHFFFAOYSA-N,5891,9357,18.65,18.82,0.17,171.08,171.08,0.38,1,1,1
AUQAUAIUNJIIEP-UHFFFAOYSA-N,176562,2197955,17.13,16.94,-0.19,194.12,194.12,1.38,1,1,1
OIQXFRANQVWXJF-ACCUITESSA-N,0,0,21.11,0,0,241.16,0,0,0,0,0
UBXYXCRCOKCZIT-UHFFFAOYSA-N,5891,9357,18.65,18.82,0.17,171.08,171.08,0.38,1,1,1
NGSZDVVHIGAMOJ-YHYXMXQVSA-N,32949,145067,18.54,18.5,-0.04,175.08,175.08,0.54,1,1,1
FJKROLUGYXJWQN-UHFFFAOYSA-N,46553,144987,17.28,17.37,0.09,139.04,139.04,1.21,1,1,1
CMGDVUCDZOBDNL-UHFFFAOYSA-N,0,0,13.05,0,0,134.07,0,0,0,0,0
BLXVTZPGEOGTGG-UHFFFAOYSA-N,0,0,21.19,0,0,309.24,0,0,0,0,0
LRUDIIUSNGCQKF-UHFFFAOYSA-N,5508698,134072375,13.05,12.81,-0.24,134.07,134.07,0.48,1,1,1
VTNQPKFIQCLBDU-UHFFFAOYSA-N,36625,359942,19.19,19.17,-0.02,270.13,270.13,0.86,1,1,1
DNRJTBAOUJJKDY-UHFFFAOYSA-N,0,0,22.45,0,0,259.21,0,0,0,0,0
YBUIAJZFOGJGLJ-SWRJLBSHSA-N,1581,13467,23.33,23.3,-0.03,247.21,247.21,1.25,1,1,1
UELITFHSCLAHKR-UHFFFAOYSA-N,4530,7195,18.92,18.9,-0.02,211,211,1.4,1,1,1
NUFNQYOELLVIPL-UHFFFAOYSA-N,0,0,21.65,0,0,362,0,0,1,0,0
XCSGPAVHZFQHGE-UHFFFAOYSA-N,36625,359942,19.19,19.17,-0.02,270.13,270.13,0.86,1,1,1
PQSUYGKTWSAVDQ-ZVIOFETBSA-N,0,0,13.27,0,0,361.2,0,0,0,0,0
FBEHFRAORPEGFH-UHFFFAOYSA-N,16423,160701,19.92,20.06,0.14,275.18,275.18,0.61,1,1,1
JWDJXTIVABYRID-UHFFFAOYSA-N,0,0,22.94,0,0,247.21,0,0,0,0,0
HMKKIXGYKWDQSV-KAMYIIQDSA-N,0,0,21.2,0,0,203.14,0,0,0,0,0
CRIGTVCBMUKRSL-ALCCZGGFSA-N,250197,4241822,16.6,16.7,0.10,193.16,193.16,1.19,1,1,1
GUUHFMWKWLOQMM-QINSGFPZSA-N,0,0,21.8,0,0,217.16,0,0,0,0,0
NOMWSTMYQKABST-UHFFFAOYSA-N,0,0,22.75,0,0,235.21,0,0,0,0,0
RQVYBGPQFYCBGX-UHFFFAOYSA-N,0,0,14.43,0,0,228.13,0,0,1,0,0
UBNYRXMKIIGMKK-RMKNXTFCSA-N,0,0,21.1,0,0,249.15,0,0,0,0,0
BREATYVWRHIPIY-UHFFFAOYSA-N,0,0,20.72,0,0,465.96,0,0,1,0,0
HTIQEAQVCYTUBX-UHFFFAOYSA-N,0,0,11.72,0,0,409.15,0,0,1,0,0
RANVDUNFZBMTBK-UHFFFAOYSA-N,0,0,18.82,0,0,209.12,0,0,0,0,0
AEMFNILZOJDQLW-QAGGRKNESA-N,0,0,17.56,0,0,287.2,0,0,0,0,0
NXQDBZGWYSEGFL-UHFFFAOYSA-N,11378,42026,19.79,19.94,0.15,368.03,368.03,0.8,1,1,1
CEUORZQYGODEFX-UHFFFAOYSA-N,88027,352704,11.89,11.95,0.06,448.16,448.16,0.4,1,1,1
IAOZJIPTCAWIRG-QWRGUYRKSA-N,13944,142930,9.88,10.71,0.83,295.13,295.13,1.22,0,1,1
METKIMKYRPQLGS-UHFFFAOYSA-N,4507,13230,8.1,8.23,0.13,267.17,267.17,1.14,0,1,1
MXWJVTOOROXGIU-UHFFFAOYSA-N,123042,900762,16.91,16.77,-0.14,216.1,216.1,1.17,1,1,1
DFWFIQKMSFGDCQ-UHFFFAOYSA-N,0,0,17.88,0,0,188.07,0,0,1,0,0
VNKBTWQZTQIWDV-UHFFFAOYSA-N,0,0,15.27,0,0,324.98,0,0,1,0,0
RQVGAIADHNPSME-UHFFFAOYSA-N,4219,6702,19.18,19.25,0.07,346.04,346.04,0.42,1,1,1
AFIIBUOYKYSPKB-UHFFFAOYSA-N,107790,1148812,18.62,18.62,0.00,226.09,226.09,0.83,1,1,1
MQTOSJVFKKJCRP-BICOPXKESA-N,0,0,9.69,0,0,375.26,0,0,0,0,0
WFDXOXNFNRHQEC-GHRIWEEISA-N,48862,96920,17.94,17.86,-0.08,404.12,404.12,-0.04,1,1,1
CJPQIRJHIZUAQP-UHFFFAOYSA-N,36247,461738,19.6,19.72,0.12,326.18,326.18,0.87,0,1,1
LJOZMWRYMKECFF-UHFFFAOYSA-N,0,0,17.7,0,0,323.99,0,0,1,0,0
PFJJMJDEVDLPNE-UHFFFAOYSA-N,19324,116819,18.32,18.24,-0.08,260.02,260.02,0.57,1,1,1
RRNIZKPFKNDSRS-UHFFFAOYSA-N,0,0,19.35,0,0,398.07,0,0,1,0,0
ZOMSMJKLGFBRBS-UHFFFAOYSA-N,0,0,16.82,0,0,241.06,0,0,1,0,0
HUMNYLRZRPPJDN-UHFFFAOYSA-N,0,0,18.02,0,0,107.05,0,0,0,0,0
NWBJYWHLCVSVIJ-UHFFFAOYSA-N,18332,29118,17.85,17.61,-0.24,226.11,226.11,-1.29,1,1,1
ZXDDPOHVAMWLBH-UHFFFAOYSA-N,35199,166417,16.94,17,0.06,215.07,215.07,1.26,1,1,1
WXNRYSGJLQFHBR-UHFFFAOYSA-N,0,0,14.31,0,0,247.06,0,0,1,0,0
HOERQTQCTISLFR-UHFFFAOYSA-N,1603,6230,20.6,20.8,0.20,364.09,364.09,-0.99,1,1,1
SLCGUGMPSUYJAY-UHFFFAOYSA-N,3744,8370,20.05,20.19,0.14,366.07,366.07,0.91,1,1,1
SESFRYSPDFLNCH-UHFFFAOYSA-N,0,0,19.78,0,0,213.09,0,0,0,0,0
NGHOLYJTSCBCGC-VAWYXSNFSA-N,0,0,20.29,0,0,239.11,0,0,0,0,0
ZCTQGTTXIYCGGC-UHFFFAOYSA-N,0,0,20.23,0,0,229.09,0,0,0,0,0
FVUGZKDGWGKCFE-UHFFFAOYSA-N,0,0,22.93,0,0,235.21,0,0,0,0,0
IIBYAHWJQTYFKB-UHFFFAOYSA-N,0,0,16.62,0,0,362.12,0,0,1,0,0
LKJPYSCBVHEWIU-UHFFFAOYSA-N,0,0,17.07,0,0,431.07,0,0,1,0,0
IUSYSZLVZMUVDO-UHFFFAOYSA-N,0,0,20.87,0,0,327.98,0,0,1,0,0
VHYCDWMUTMEGQY-UHFFFAOYSA-N,233310,742032,10.89,10.89,0.00,326.23,326.23,0.36,1,1,1
LCFVJGUPQDGYKZ-UHFFFAOYSA-N,0,0,19.33,0,0,341.17,0,0,0,0,0
VPWNQTHUCYMVMZ-UHFFFAOYSA-N,0,0,13.33,0,0,251.04,0,0,1,0,0
VGPIBGGRCVEHQZ-UHFFFAOYSA-N,51240,322000,18.73,18.79,0.06,338.19,338.19,0.12,1,1,1
WYEMLYFITZORAB-UHFFFAOYSA-N,0,0,18.36,0,0,343.04,0,0,1,0,0
IXVMHGVQKLDRKH-KNBKMWSGSA-N,0,0,15.96,0,0,481.35,0,0,1,0,0
ORDKAVSHIKNMAN-XYOKQWHBSA-N,0,0,19.64,0,0,402.93,0,0,1,0,0
HJJVPARKXDDIQD-UHFFFAOYSA-N,0,0,18.07,0,0,375.96,0,0,1,0,0
HJJVPARKXDDIQD-UHFFFAOYSA-N,0,0,18.65,0,0,375.96,0,0,1,0,0
OWYLAEYXIQKAOL-UHFFFAOYSA-N,14895,71597,10.5,10.51,0.01,308.19,308.19,2.91,1,1,1
DSKJPMWIHSOYEA-UHFFFAOYSA-N,25464,40447,16.7,16.6,-0.10,317.16,317.16,-0.98,1,1,1
LEBVLXFERQHONN-UHFFFAOYSA-N,0,0,10.68,0,0,289.23,0,0,1,0,0
PRLVTUNWOQKEAI-SAPNQHFASA-N,44186,681995,19.82,19.96,0.14,306.16,306.16,0.57,0,1,1
QWCRAEMEVRGPNT-UHFFFAOYSA-N,0,0,11.01,0,0,386.26,0,0,0,0,0
HKPHPIREJKHECO-UHFFFAOYSA-N,545,2823,21.36,21.32,-0.04,312.17,312.17,1.19,1,1,1
BYYMILHAKOURNM-UHFFFAOYSA-N,0,0,17.42,0,0,237.08,0,0,1,0,0
IRIAEXORFWYRCZ-UHFFFAOYSA-N,1420,7999,20.79,20.82,0.03,313.14,313.14,1.15,1,1,1
QFOHBWFCKVYLES-UHFFFAOYSA-N,133224,1496335,17.35,17.4,0.05,195.1,195.1,1.68,1,1,1
SDQFDHOLCGWZPU-UHFFFAOYSA-N,0,0,17.17,0,0,205.16,0,0,0,0,0
KXRPCFINVWWFHQ-UHFFFAOYSA-N,39206,201065,20.21,20.37,0.16,271.09,271.1,0.75,1,1,1
HTQMVQVXFRQIKW-UHFFFAOYSA-N,21295,33824,15.58,15.63,0.05,441.17,441.17,-2.02,1,1,1
GAGWJHPBXLXJQN-UORFTKCHSA-N,91332,756120,13.86,13.91,0.05,360.16,360.16,-2.16,1,1,1
FFGPTBGBLSHEPO-UHFFFAOYSA-N,23089,36677,15.02,14.9,-0.12,237.1,237.1,0.55,1,1,1
CVXBEEMKQHEXEN-UHFFFAOYSA-N,21017,33383,16.46,16.54,0.08,202.09,202.09,2.63,1,1,1
DUEPRVBVGDRKAG-UHFFFAOYSA-N,38737,61531,16,15.94,-0.06,222.11,222.11,0.9,1,1,1
GYSSRZJIHXQEHQ-UHFFFAOYSA-N,0,0,16.87,0,0,236.07,0,0,0,0,0
MLKCGVHIFJBRCD-UHFFFAOYSA-N,0,0,19.32,0,0,412.04,0,0,1,0,0
RXDMAYSSBPYBFW-UHFFFAOYSA-N,3300,7312,19.75,19.91,0.16,334.05,N/A,0,1,1,1
ULDHMXUKGWMISQ-UHFFFAOYSA-N,0,0,18.02,0,0,151.11,0,0,0,0,0
ZKLPARSLTMPFCP-UHFFFAOYSA-N,0,0,12.99,0,0,389.16,0,0,1,0,0
ULBXWWGWDPVHAO-UHFFFAOYSA-N,0,0,18.35,0,0,224.05,0,0,1,0,0
FSAVDKDHPDSCTO-WQLSENKSSA-N,8123,17998,19.35,19.43,0.08,358.98,N/A,0,1,1,1
WYKYKTKDBLFHCY-UHFFFAOYSA-N,0,0,13.11,0,0,222.04,0,0,1,0,0
NSWAMPCUPHPTTC-UHFFFAOYSA-N,0,0,17.87,0,0,415.05,0,0,1,0,0
JXCGFZXSOMJFOA-UHFFFAOYSA-N,0,0,16.37,0,0,213.08,0,0,1,0,0
CWJSHJJYOPWUGX-UHFFFAOYSA-N,4892,7771,18.82,18.89,0.07,214.06,214.06,1.34,1,1,1
MVBQDGXKSNBAPH-UHFFFAOYSA-N,0,0,21.4,0,0,536.13,0,0,1,0,0
WMLPCIHUFDKWJU-UHFFFAOYSA-N,0,0,15.21,0,0,414.11,0,0,1,0,0
MYSWGUAQZAJSOK-UHFFFAOYSA-N,4712,7484,9.76,9.51,-0.25,332.14,332.14,4.88,1,1,1
TVYLLZQTGLZFBW-ZBFHGGJFSA-N,13407,68259,10.1,10.07,-0.03,264.2,264.2,0.77,1,1,1
WTEVQBCEXWBHNA-JXMROGBWSA-N,0,0,18.54,0,0,153.13,0,0,0,0,0
DOOTYTYQINUNNV-UHFFFAOYSA-N,29145,45309,15.61,15.31,-0.30,277.13,277.13,-0.35,0,1,1
AGOYDEPGAOXOCK-KCBOHYOISA-N,0,0,12.3,0,0,748.48,0,0,1,0,0
TXCGAZHTZHNUAI-UHFFFAOYSA-N,0,0,16.83,0,0,215.05,0,0,1,0,0
KIEDNEWSYUYDSN-UHFFFAOYSA-N,95648,894971,17.5,17.38,-0.12,240.08,240.08,0.46,1,1,1
GKTWGGQPFAXNFI-HNNXBMFYSA-N,5115,8078,18.54,18.82,0.28,322.07,322.07,1.09,0,1,1
YNTJKQDWYXUTLZ-UHFFFAOYSA-N,0,0,16.19,0,0,201.03,0,0,1,0,0
MFYSYFVPBJMHGN-ZPOLXVRWSA-N,0,0,14.06,0,0,361.2,0,0,0,0,0
BXNANOICGRISHX-UHFFFAOYSA-N,0,0,20.07,0,0,363.02,0,0,1,0,0
ZYGHJZDHTFUPRJ-UHFFFAOYSA-N,0,0,14.89,0,0,147.04,0,0,1,0,0
ULSLJYXHZDTLQK-UHFFFAOYSA-N,14288,22224,18.61,18.61,0.00,293.12,293.12,0.51,1,1,1
VYNOULHXXDFBLU-UHFFFAOYSA-N,25511,57588,18.07,18.04,-0.03,303.13,303.13,0.96,1,1,1
LRNJHZNPJSPMGK-UHFFFAOYSA-N,0,0,20.11,0,0,304.06,0,0,1,0,0
YXKMMRDKEKCERS-UHFFFAOYSA-N,0,0,19.36,0,0,325.05,0,0,1,0,0
GLWWLNJJJCTFMZ-UHFFFAOYSA-N,0,0,18.65,0,0,274,0,0,1,0,0
DFCAFRGABIXSDS-UHFFFAOYSA-N,0,0,21.02,0,0,216.14,0,0,1,0,0
DQZCVNGCTZLGAQ-UHFFFAOYSA-N,38885862,495870717,16.5,16.36,-0.14,199.18,199.18,0.95,1,1,1
ACMXQHFNODYQAT-UHFFFAOYSA-N,1797,4858,20.32,20.47,0.15,413.13,413.13,1.47,1,1,1
UFNOUKDBUJZYDE-UHFFFAOYSA-N,20355,32330,17.66,17.6,-0.06,292.12,292.12,0.12,1,1,1
HAORKNGNJCEJBX-UHFFFAOYSA-N,60841,382657,17.97,17.93,-0.04,226.13,226.13,1.26,1,1,1
BSBSDQUZDZXGFN-UHFFFAOYSA-N,0,0,15.05,0,0,298,0,0,1,0,0
ZQSIJRDFPHDXIC-UHFFFAOYSA-N,25855,41068,13.63,13.39,-0.24,255.07,255.07,-0.32,1,1,1
POIARNZEYGURDG-FNORWQNLSA-N,0,0,19.88,0,0,191.14,0,0,0,0,0
DSSYKIVIOFKYAU-XCBNKYQSSA-N,0,0,17.84,0,0,153.13,0,0,0,0,0
MMOXZBCLCQITDF-UHFFFAOYSA-N,1023475,22010392,16.65,16.57,-0.08,192.14,192.14,0.96,0,1,1
ZOKXUAHZSKEQSS-UHFFFAOYSA-N,0,0,22.92,0,0,315.1,0,0,1,0,0
XEJGJTYRUWUFFD-FNORWQNLSA-N,250197,4241822,16.6,16.7,0.10,193.16,193.16,1.19,1,1,1
FAXIJTUDSBIMHY-UHFFFAOYSA-N,0,0,16.95,0,0,517.11,0,0,1,0,0
GRPRVIYRYGLIJU-UHFFFAOYSA-N,0,0,16.97,0,0,259.06,0,0,1,0,0
IVENSCMCQBJAKW-UHFFFAOYSA-N,32316,296231,11.78,11.71,-0.07,174.05,174.05,0.75,0,1,1
WZJZMXBKUWKXTQ-UHFFFAOYSA-N,14988,23806,17.4,17.39,-0.01,301.12,301.12,0.12,1,1,1
HCRWJJJUKUVORR-UHFFFAOYSA-N,0,0,13.07,0,0,214.11,0,0,1,0,0
BJQHLKABXJIVAM-UHFFFAOYSA-N,0,0,21.7,0,0,391.28,0,0,0,0,0
JYFHYPJRHGVZDY-UHFFFAOYSA-N,40611,234961,19.95,20.07,0.12,211.11,211.11,1.69,0,1,1
YUXIBTJKHLUKBD-UHFFFAOYSA-N,0,0,19.48,0,0,231.16,0,0,0,0,0
WCRDXYSYPCEIAK-UHFFFAOYSA-N,0,0,20.2,0,0,235.05,0,0,1,0,0
URDNHJIVMYZFRT-KGLIPLIRSA-N,18045,28663,18.58,18.59,0.01,328.1,328.1,0.52,1,1,1
DCOPUUMXTXDBNB-UHFFFAOYSA-N,0,0,18.39,0,0,296.02,0,0,1,0,0
LNJNFVJKDJYTEU-UHFFFAOYSA-N,15473,24579,17.85,17.86,0.01,268.15,268.15,0.67,1,1,1
FLKPEMZONWLCSK-UHFFFAOYSA-N,49666259,706541348,17.7,17.68,-0.02,223.1,223.1,1.12,1,1,1
FVQITOLOYMWVFU-UHFFFAOYSA-N,0,0,21.75,0,0,445.18,0,0,1,0,0
BQYJATMQXGBDHF-UHFFFAOYSA-N,0,0,19.72,0,0,406.07,0,0,1,0,0
LBGPXIPGGRQBJW-UHFFFAOYSA-N,0,0,11.38,0,0,249.14,0,0,1,0,0
WYEHFWKAOXOVJD-UHFFFAOYSA-N,0,0,20.51,0,0,395.08,0,0,1,0,0
MGWAVDBGNNKXQV-UHFFFAOYSA-N,528645,3120932,21.02,21.2,0.18,279.16,279.16,-4.16,1,1,1
HSUGRBWQSSZJOP-RTWAWAEBSA-N,18312,29087,11.67,11.5,-0.17,415.17,415.17,-4.75,1,1,1
DHWRNDJOGMTCPB-UHFFFAOYSA-N,10979,10628,16.94,16.93,-0.01,339.12,339.12,3.38,1,1,1
BWUPSGJXXPATLU-UHFFFAOYSA-N,2444,7561,20.92,21.12,0.20,264.14,264.14,0.36,1,1,1
SCCDDNKJYDZXMM-UHFFFAOYSA-N,21513,34171,17.2,17.18,-0.02,256.11,256.11,0.17,1,1,1
IKYICRRUVNIHPP-UHFFFAOYSA-N,43295,207579,16.55,16.5,-0.05,256.16,256.16,0.31,1,1,1
JLYFCTQDENRSOL-UHFFFAOYSA-N,121086,869455,18.13,18.16,0.03,276.08,276.08,0.52,1,1,1
QNBTYORWCCMPQP-JXAWBTAJSA-N,0,0,17,0,0,388.13,0,0,1,0,0
QNBTYORWCCMPQP-JXAWBTAJSA-N,0,0,17.29,0,0,388.13,0,0,1,0,0
FHNKBSDJERHDHZ-UHFFFAOYSA-N,0,0,22.82,0,0,287.2,0,0,0,0,0
FLUWAIIVLCVEKF-UHFFFAOYSA-N,0,0,17.4,0,0,193.12,0,0,0,0,0
DOIRQSBPFJWKBE-UHFFFAOYSA-N,0,0,21.02,0,0,279.16,0,0,0,0,0
FBOUIAKEJMZPQG-AWNIVKPZSA-N,29477,109611,19.26,19.34,0.08,326.08,326.08,0.42,1,1,1
OFDYMSKSGFSLLM-UHFFFAOYSA-N,0,0,19.89,0,0,323.1,0,0,1,0,0
MQIUGAXCHLFZKX-UHFFFAOYSA-N,0,0,22.09,0,0,391.28,0,0,1,0,0
OUNSASXJZHBGAI-UHFFFAOYSA-N,0,0,18.06,0,0,217.01,0,0,1,0,0
IPKKHRVROFYTEK-UHFFFAOYSA-N,0,0,22.13,0,0,307.19,0,0,0,0,0
QAHFOPIILNICLA-UHFFFAOYSA-N,309746,3283202,17.19,17.42,0.23,240.14,240.14,0.95,0,1,1
VFHVQBAGLAREND-UHFFFAOYSA-N,8155,26505,19.81,19.91,0.10,349.14,349.14,1.32,1,1,1
DMBHHRLKUKUOEG-UHFFFAOYSA-N,8380,20436,19.22,19.23,0.01,170.1,170.1,0.57,1,1,1
NPWMZOGDXOFZIN-UHFFFAOYSA-N,43295,207579,16.49,16.5,0.01,256.16,256.16,0.31,1,1,1
BKVJOVPVLOJPKJ-UHFFFAOYSA-N,0,0,17.26,0,0,307.03,0,0,1,0,0
XMTQQYYKAHVGBJ-UHFFFAOYSA-N,0,0,16.86,0,0,233.02,0,0,1,0,0
WPFVBOQKRVRMJB-VIFPVBQESA-N,0,0,18.65,0,0,173.15,0,0,0,0,0
UDCDOJQOXWCCSD-UHFFFAOYSA-N,0,0,16.2,0,0,215.08,0,0,0,0,0
JMXKCYUTURMERF-UHFFFAOYSA-N,0,0,12.58,0,0,282.28,0,0,1,0,0
HEOCBCNFKCOKBX-RELGSGGGSA-N,0,0,21.68,0,0,255.17,0,0,0,0,0
MUMGGOZAMZWBJJ-KZYORJDKSA-N,0,0,17.69,0,0,289.22,0,0,0,0,0
ZMYFCFLJBGAQRS-IAGOWNOFSA-N,215759,1154804,18.17,18.12,-0.05,330.08,330.08,0.35,1,1,1
GUVLYNGULCJVDO-UHFFFAOYSA-N,0,0,19.87,0,0,190.13,0,0,1,0,0
ULGZDMOVFRHVEP-RWJQBGPGSA-N,0,0,11.56,0,0,734.47,0,0,1,0,0
QAHOQNJVHDHYRN-SLHNCBLASA-N,0,0,16.55,0,0,315.2,0,0,0,0,0
PROQIPRRNZUXQM-ZXXIGWHRSA-N,0,0,13.36,0,0,289.18,0,0,0,0,0
DNXHEGUUPJUMQT-CBZIJGRNSA-N,0,0,17.31,0,0,271.17,0,0,0,0,0
DWRKFAJEBUWTQM-UHFFFAOYSA-N,100427,631440,18.31,18.26,-0.05,328.06,328.06,0.81,1,1,1
BFPYWIDHMRZLRN-SLHNCBLASA-N,0,0,17.01,0,0,297.18,0,0,0,0,0
HEZNVIYQEUHLNI-UHFFFAOYSA-N,0,0,16.77,0,0,226.09,0,0,1,0,0
OMOLDRXZKFFGJI-UHFFFAOYSA-N,0,0,14.48,0,0,242.08,0,0,0,0,0
FNELVJVBIYMIMC-UHFFFAOYSA-N,0,0,17.32,0,0,396.99,0,0,1,0,0
IRCMYGHHKLLGHV-UHFFFAOYSA-N,0,0,18.4,0,0,287.09,0,0,1,0,0
VJYFKVYYMZPMAB-UHFFFAOYSA-N,523878,4042125,18.53,18.55,0.02,243.06,243.06,1.05,1,1,1
DECIPOUIJURFOJ-UHFFFAOYSA-N,0,0,18.24,0,0,218.15,0,0,0,0,0
UWVKRNOCDUPIDM-UHFFFAOYSA-N,0,0,17.83,0,0,399.1,0,0,1,0,0
NUVBSKCKDOMJSU-UHFFFAOYSA-N,0,0,15.04,0,0,167.07,0,0,0,0,0
ICWUMLXQKFTJMH-UHFFFAOYSA-N,0,0,20.11,0,0,340.05,0,0,1,0,0
SCCDQYPEOIRVGX-UHFFFAOYSA-N,109218,1464005,17.99,18.34,0.35,207.1,207.1,1.29,0,1,1
JISACBWYRJHSMG-UHFFFAOYSA-N,0,0,17.48,0,0,326.03,0,0,1,0,0
JSNRRGGBADWTMC-NTCAYCPXSA-N,0,0,17.91,0,0,205.2,0,0,0,0,0
LVNYJXIBJFXIRZ-UHFFFAOYSA-N,27703,44006,14.96,15,0.04,336.1,336.1,3.35,1,1,1
LUQMWGMGWJEGAT-UHFFFAOYSA-N,0,0,13.62,0,0,320.11,0,0,1,0,0
RQDJADAKIFFEKQ-UHFFFAOYSA-N,22654,35985,18.56,18.61,0.05,337.12,337.12,0.66,1,1,1
JFSPBVWPKOEZCB-UHFFFAOYSA-N,0,0,17.11,0,0,202.09,0,0,1,0,0
VDLGAVXLJYLFDH-UHFFFAOYSA-N,0,0,18.32,0,0,302.07,0,0,1,0,0
ZNOLGFHPUIJIMJ-UHFFFAOYSA-N,0,0,18.88,0,0,278.02,0,0,1,0,0
DIRFUJHNVNOBMY-UHFFFAOYSA-N,347610,5004043,18.88,17.71,-1.17,208.13,208.13,1.46,0,1,1
IUOKJNROJISWRO-UHFFFAOYSA-N,0,0,19.37,0,0,329.08,0,0,1,0,0
HJUFTIJOISQSKQ-UHFFFAOYSA-N,13167,60375,18.86,18.9,0.04,302.14,302.14,0.38,1,1,1
MGNFYQILYYYUBS-UHFFFAOYSA-N,413897,3264005,12.79,12.45,-0.34,274.25,274.25,0.22,0,1,1
RYAUSSKQMZRMAI-ALOPSCKCSA-N,2113183,9464237,12.91,12.41,-0.50,304.26,304.26,0.3,0,1,1
XDNBJTQLKCIJBV-UHFFFAOYSA-N,0,0,16.36,0,0,309.04,0,0,1,0,0
PNVJTZOFSHSLTO-UHFFFAOYSA-N,0,0,19.87,0,0,279.03,0,0,1,0,0
ZDHYERRNXRANLI-UHFFFAOYSA-N,0,0,16.85,0,0,311.02,0,0,1,0,0
DLAPIMGBBDILHJ-UHFFFAOYSA-N,0,0,15.46,0,0,295.02,0,0,1,0,0
LLQPHQFNMLZJMP-UHFFFAOYSA-N,2693,5173,20.05,20.18,0.13,350.14,350.14,1.1,1,1,1
XXOYNJXVWVNOOJ-UHFFFAOYSA-N,0,0,16.55,0,0,165.1,0,0,1,0,0
RWTNPBWLLIMQHL-UHFFFAOYSA-N,70211,395742,12.19,11.9,-0.29,502.3,502.3,0.74,0,1,1
ZOCSXAVNDGMNBV-UHFFFAOYSA-N,4570,7259,19.23,19.31,0.08,436.95,436.95,0.01,1,1,1
FQXWEKADCSXYOC-UHFFFAOYSA-N,0,0,19.98,0,0,420.95,0,0,1,0,0
LGHZJDKSVUTELU-UHFFFAOYSA-N,0,0,19.88,0,0,452.94,0,0,1,0,0
IKVXBIIHQGXQRQ-UHFFFAOYSA-N,7823,33963,19.88,20.03,0.15,364.11,364.11,1.07,1,1,1
RBNIGDFIUWJJEV-UHFFFAOYSA-N,8736,13875,18.57,18.56,-0.01,336.08,336.08,0.4,1,1,1
QZXATCCPQKOEIH-UHFFFAOYSA-N,0,0,15.83,0,0,360.04,0,0,1,0,0
MUJOIMFVNIBMKC-UHFFFAOYSA-N,182371,1822993,17.45,17.52,0.07,249.05,249.05,-4.46,1,1,1
IANUJLZYFUDJIH-UHFFFAOYSA-N,11038,37050,18.95,18.99,0.04,364.07,364.07,0.23,1,1,1
RZILCCPWPBTYDO-UHFFFAOYSA-N,0,0,16.39,0,0,233.09,0,0,1,0,0
GBOYJIHYACSLGN-UHFFFAOYSA-N,0,0,18.51,0,0,382.97,0,0,1,0,0
KVDJTXBXMWJJEF-UHFFFAOYSA-N,19688,89310,18.44,18.39,-0.05,397.05,397.05,0.82,1,1,1
OQZCSNDVOWYALR-UHFFFAOYSA-N,0,0,18.9,0,0,312.02,0,0,1,0,0
YWBVHLJPRPCRSD-UHFFFAOYSA-N,20565,107729,17.49,17.4,-0.09,330.11,330.11,1.44,0,1,1
NYRMIJKDBAQCHC-UHFFFAOYSA-N,17253,27406,17.66,17.63,-0.03,334.1,334.11,1.77,1,1,1
FQKUGOMFVDPBIZ-UHFFFAOYSA-N,104118,418312,18.47,18.43,-0.04,316.11,316.11,0.95,1,1,1
ZCNQYNHDVRPZIH-JXAWBTAJSA-N,11318,40874,19.44,19.54,0.10,404.03,404.03,0.78,1,1,1
PTCGDEVVHUXTMP-UHFFFAOYSA-N,7179,19824,18.75,18.77,0.02,324.12,324.12,0.71,1,1,1
JWUCHKBSVLQQCO-UHFFFAOYSA-N,71540,408902,14.21,14.31,0.10,302.11,302.11,2.64,1,1,1
JWUCHKBSVLQQCO-UHFFFAOYSA-N,44381,286096,15.84,15.71,-0.13,302.11,N/A,0,1,1,1
FRLZQXRXIKQFNS-UHFFFAOYSA-N,0,0,19.25,0,0,155.11,0,0,0,0,0
BGZZWXTVIYUUEY-UHFFFAOYSA-N,0,0,19.78,0,0,439,0,0,1,0,0
KVGLBTYUCJYMND-UHFFFAOYSA-N,0,0,20.43,0,0,247.04,0,0,1,0,0
GPXLRLUVLMHHIK-UHFFFAOYSA-N,20874,86720,16.25,16.61,0.36,248.06,248.06,-0.5,0,1,1
CIEXPHRYOLIQQD-UHFFFAOYSA-N,211483,2146809,17.6,17.56,-0.04,302.14,302.14,0.48,1,1,1
HAWJXYBZNNRMNO-UHFFFAOYSA-N,1865,4267,21.11,21.29,0.18,383.16,383.16,0.54,1,1,1
QTDRLOKFLJJHTG-UHFFFAOYSA-N,49869,380664,19.63,19.77,0.14,252.16,252.16,0.92,1,1,1
ZZUFCTLCJUWOSV-UHFFFAOYSA-N,0,0,14.91,0,0,331.02,0,0,1,0,0
UGJMXCAKCUNAIE-UHFFFAOYSA-N,0,0,8.95,0,0,172.13,0,0,0,0,0
LCZYWDBISQLZSE-UHFFFAOYSA-N,0,0,22.58,0,0,235.21,0,0,0,0,0
TZBJGXHYKVUXJN-UHFFFAOYSA-N,0,0,15.01,0,0,271.06,0,0,1,0,0
HIGQPQRQIQDZMP-DHZHZOJOSA-N,0,0,15.12,0,0,197.15,0,0,0,0,0
CJJOSEISRRTUQB-UHFFFAOYSA-N,0,0,17.87,0,0,318.01,0,0,1,0,0
LVASCWIMLIKXLA-CABCVRRESA-N,0,0,10.93,0,0,414.02,0,0,1,0,0
MIJLZGZLQLAQCM-UHFFFAOYSA-N,353,1108,20.71,20.91,0.20,434.1,N/A,0,1,1,1
MFSWTRQUCLNFOM-UHFFFAOYSA-N,977,1551,20.28,20.42,0.14,376.06,376.06,-0.36,1,1,1
ZYKTVGBIPJBZCN-UHFFFAOYSA-N,86649,686825,16.71,16.6,-0.11,251.02,251.02,0.56,1,1,1
CAWXEEYDBZRFPE-UHFFFAOYSA-N,0,0,14.41,0,0,253.17,0,0,1,0,0
HEFNNWSXXWATRW-UHFFFAOYSA-N,268786,1654838,18.56,18.25,-0.31,207.14,207.14,1.37,0,1,1
QLHULAHOXSSASE-UHFFFAOYSA-N,627728,10921986,16.26,16.28,0.02,230.18,230.18,0.7,1,1,1
PZBPKYOVPCNPJY-UHFFFAOYSA-N,55756,203320,12.1,11.76,-0.34,297.06,N/A,0,0,1,1
WXUNXXKSYBUHMK-UHFFFAOYSA-N,122883,626608,19.94,20.07,0.13,289.15,289.15,-1.82,0,1,1
CABMTIJINOIHOD-UHFFFAOYSA-N,80571,376365,15.21,15.21,0.00,312.13,312.13,0.02,1,1,1
UEQZFAGVRGWPDK-UHFFFAOYSA-N,0,0,9.16,0,0,211.07,0,0,0,0,0
CGIGDMFJXJATDK-UHFFFAOYSA-N,0,0,18.26,0,0,358.08,0,0,1,0,0
FCOAHACKGGIURQ-UHFFFAOYSA-N,188275,925378,18.79,18.79,0.00,289.1,289.1,0.19,1,1,1
HDHLIWCXDDZUFH-UHFFFAOYSA-N,0,0,16.57,0,0,254.14,0,0,1,0,0
XRHGWAGWAHHFLF-UHFFFAOYSA-N,88215,582053,19.36,19.45,0.09,314.05,314.05,0.49,1,1,1
XPJVKCRENWUEJH-UHFFFAOYSA-N,68275,434086,17.24,17.16,-0.08,195.1,195.1,1.68,1,1,1
IUSBVFZKQJGVEP-SNAWJCMRSA-N,107739,1562784,18.1,18.34,0.24,207.1,207.1,1.29,0,1,1
HOQADATXFBOEGG-UHFFFAOYSA-N,6735,26255,20.59,20.78,0.19,346.12,346.12,0.23,1,1,1
JRJBVWJSTHECJK-PKNBQFBNSA-N,0,0,19.38,0,0,207.17,0,0,0,0,0
QBSJMKIUCUGGNG-UHFFFAOYSA-N,176562,2197955,17,16.94,-0.06,194.12,194.12,1.38,1,1,1
UFHLMYOGRXOCSL-UHFFFAOYSA-N,143800,1010023,18.95,19.01,0.06,291.07,291.07,0.84,1,1,1
PUIYMUZLKQOUOZ-UHFFFAOYSA-N,20849,33118,16.62,16.58,-0.04,207.15,207.15,0.86,1,1,1
PMHURSZHKKJGBM-UHFFFAOYSA-N,20974,75051,18.43,18.44,0.01,333.18,333.18,0.82,1,1,1
DKYWVDODHFEZIM-UHFFFAOYSA-N,112098,443387,16.51,16.46,-0.05,255.1,255.1,0.39,1,1,1
ZOTBXTZVPHCKPN-HTXNQAPBSA-N,4896,7777,19.46,19.44,-0.02,314.14,314.14,0.36,1,1,1
PYZRQGJRPPTADH-UHFFFAOYSA-N,0,0,10.09,0,0,256.02,0,0,1,0,0
XKJMBINCVNINCA-UHFFFAOYSA-N,0,0,18.11,0,0,249.02,0,0,1,0,0
JCCNYMKQOSZNPW-UHFFFAOYSA-N,290714,1398870,14.36,14.29,-0.07,383.15,383.15,1.41,1,1,1
PSIFNNKUMBGKDQ-UHFFFAOYSA-N,0,0,15.34,0,0,423.17,0,0,1,0,0
WSORODGWGUUOBO-UHFFFAOYSA-N,0,0,15.46,0,0,315.07,0,0,1,0,0
JXSJBGJIGXNWCI-UHFFFAOYSA-N,25707,110245,18.71,18.76,0.05,331.04,331.04,0.17,1,1,1
KWLVWJPJKJMCSH-UHFFFAOYSA-N,0,0,17.96,0,0,412.13,0,0,1,0,0
WHKUVVPPKQRRBV-UHFFFAOYSA-N,0,0,16.66,0,0,201.03,0,0,1,0,0
LLWADFLAOKUBDR-UHFFFAOYSA-N,0,0,17.55,0,0,229.06,0,0,1,0,0
OPXLLQIJSORQAM-UHFFFAOYSA-N,22562,35838,14.42,14.23,-0.19,296.1,296.1,-0.53,1,1,1
KLGMSAOQDHLCOS-UHFFFAOYSA-N,16876,37737,19.26,19.33,0.07,330.06,330.06,0.08,1,1,1
WNTGYJSOUMFZEP-UHFFFAOYSA-N,0,0,17.12,0,0,215.05,0,0,1,0,0
GZENKSODFLBBHQ-ILSZZQPISA-N,88347,1194572,18.24,18.28,0.04,345.24,345.24,1.18,1,1,1
XIGAUIHYSDTJHW-UHFFFAOYSA-N,56030,271127,18.33,18.33,0.00,299.08,299.08,0.3,1,1,1
OPGCOAPTHCZZIW-UHFFFAOYSA-N,18686,81795,20.23,20.42,0.19,373.07,373.07,0.7,1,1,1
CIFWZNRJIBNXRE-UHFFFAOYSA-N,184774,2255039,18.96,18.95,-0.01,224.12,224.12,0.77,1,1,1
LTQSAUHRSCMPLD-UHFFFAOYSA-N,0,0,14.71,0,0,270.04,0,0,1,0,0
BCTQJXQXJVLSIG-UHFFFAOYSA-N,44759,395561,18.78,18.82,0.04,270.15,270.15,0.47,1,1,1
ZQEIXNIJLIKNTD-UHFFFAOYSA-N,209543,3000064,16.24,16.18,-0.06,280.15,280.15,0.21,1,1,1
ZRIKZVLHMGYCIR-NSHDSACASA-N,209543,3000064,16.25,16.18,-0.07,280.15,280.15,0.21,1,1,1
ZRIKZVLHMGYCIR-NSHDSACASA-N,102502,772649,14.43,14.46,0.03,266.14,266.14,0.77,1,1,1
ZQEIXNIJLIKNTD-GFCCVEGCSA-N,202161,3246712,16.24,16.18,-0.06,280.15,280.15,0.21,0,1,1
STEPQTYSZVCJPV-UHFFFAOYSA-N,17121,27195,17.1,17.03,-0.07,278.11,278.11,1.31,1,1,1
XWPZUHJBOLQNMN-UHFFFAOYSA-N,43263,207990,19,19.08,0.08,320.15,320.15,1.1,1,1,1
RRVIAQKBTUQODI-UHFFFAOYSA-N,0,0,16.18,0,0,222.07,0,0,1,0,0
ZWJNEYVWPYIKMB-UHFFFAOYSA-N,48878,352720,18.02,17.82,-0.20,230.12,230.12,-2.68,0,1,1
DDUIUBPJPOKOMV-UHFFFAOYSA-N,0,0,14.34,0,0,272.15,0,0,1,0,0
QCAWEPFNJXQPAN-UHFFFAOYSA-N,10404,16526,18.57,18.66,0.09,369.22,369.22,2.69,1,1,1
BAFQDKPJKOLXFZ-UHFFFAOYSA-N,24794,39383,15.05,14.84,-0.21,248.03,248.03,-3.28,1,1,1
OSWPMRLSEDHDFF-UHFFFAOYSA-N,0,0,17.23,0,0,153.05,0,0,0,0,0
WLFDQEVORAMCIM-UHFFFAOYSA-N,0,0,17.2,0,0,259.01,0,0,1,0,0
WVQBLGZPHOPPFO-UHFFFAOYSA-N,92044,569662,19.11,19.18,0.07,284.14,284.14,0.41,1,1,1
VOEYXMAFNDNNED-UHFFFAOYSA-N,1939,9480,20.43,20.61,0.18,166.09,166.09,0.54,0,1,1
IUBSYMUCCVWXPE-UHFFFAOYSA-N,5185,9364,10.2,9.92,-0.28,268.19,268.19,-0.4,0,1,1
VGHPMIFEKOFHHQ-UHFFFAOYSA-N,0,0,16.04,0,0,418.01,0,0,1,0,0
DSRNRYQBBJQVCW-UHFFFAOYSA-N,0,0,14.67,0,0,229.07,0,0,1,0,0
AMSPWOYQQAWRRM-UHFFFAOYSA-N,424,674,20.79,20.99,0.20,409.06,409.06,0.98,1,1,1
FOXFZRUHNHCZPX-UHFFFAOYSA-N,0,0,15.73,0,0,215.1,0,0,1,0,0
MIWRSUQXSCLDNV-UHFFFAOYSA-N,0,0,14.24,0,0,200.09,0,0,1,0,0
AHBXXEZLRFCZSF-UHFFFAOYSA-N,0,0,12.7,0,0,185.1,0,0,1,0,0
BYBLEWFAAKGYCD-UHFFFAOYSA-N,41331,91577,13.87,13.59,-0.28,414.99,N/A,0,0,1,1
ORMHZBNNECIKOH-UHFFFAOYSA-N,208012,4935166,16.58,16.75,0.17,211.17,211.17,1.04,0,1,1
DEDOPGXGGQYYMW-UHFFFAOYSA-N,5277,8383,18.96,18.92,-0.04,188.11,188.11,1.74,1,1,1
KXGYBSNVFXBPNO-UHFFFAOYSA-N,29807,182406,19.68,19.8,0.12,240.11,240.12,0.66,1,1,1
LKJPSUCKSLORMF-UHFFFAOYSA-N,0,0,16.89,0,0,215.06,0,0,1,0,0
BMLIZLVNXIYGCK-UHFFFAOYSA-N,175264,1885178,14.97,15.14,0.17,199.06,199.06,1.8,1,1,1
HZJKXKUJVSEEFU-UHFFFAOYSA-N,8771,13932,17.99,18.17,0.18,289.12,289.12,4.05,1,1,1
HNXNKTMIVROLTK-UHFFFAOYSA-N,271702,1839809,19.8,19.91,0.11,200.2,200.2,1.41,1,1,1
JXTHEWSKYLZVJC-UHFFFAOYSA-N,0,0,15.3,0,0,292.1,0,0,1,0,0
WXZVAROIGSFCFJ-UHFFFAOYSA-N,66522,859394,18.65,18.65,0.00,272.16,272.16,0.71,0,1,1
CMWTZPSULFXXJA-VIFPVBQESA-N,0,0,16.7,0,0,231.1,0,0,0,0,0
CCGPUGMWYLICGL-UHFFFAOYSA-N,19873,127800,19.44,19.59,0.15,275.07,275.07,-0.75,0,1,1
CFRPSFYHXJZSBI-DHZHZOJOSA-N,39206,203137,20.25,20.37,0.12,271.1,271.1,-1.64,0,1,1
UMKANAFDOQQUKE-UHFFFAOYSA-N,0,0,19.31,0,0,346.11,0,0,1,0,0
VIKNJXKGJWUCNN-XGXHKTLJSA-N,89440,431693,16.91,16.84,-0.07,299.2,299.2,1.13,1,1,1
NVGOPFQZYCNLDU-UHFFFAOYSA-N,0,0,16.7,0,0,304.05,0,0,1,0,0
SAPGTCDSBGMXCD-UHFFFAOYSA-N,0,0,17.01,0,0,315.07,0,0,1,0,0
YBGZDTIWKVFICR-UHFFFAOYSA-N,0,0,19.6,0,0,291.2,0,0,0,0,0
OWDLFBLNMPCXSD-UHFFFAOYSA-N,0,0,16.53,0,0,282.09,0,0,1,0,0
UNAHYJYOSSSJHH-UHFFFAOYSA-N,0,0,18.57,0,0,347.1,0,0,1,0,0
CHNUNORXWHYHNE-UHFFFAOYSA-N,0,0,21.37,0,0,345.08,0,0,1,0,0
CTRLABGOLIVAIY-UHFFFAOYSA-N,0,0,14.06,0,0,253.1,0,0,1,0,0
DXGLGDHPHMLXJC-UHFFFAOYSA-N,70441,445530,19.47,19.56,0.09,229.09,229.09,0.54,1,1,1
PMCVMORKVPSKHZ-UHFFFAOYSA-N,0,0,17.51,0,0,247.02,0,0,1,0,0
OQMBBFQZGJFLBU-UHFFFAOYSA-N,0,0,18.67,0,0,362.04,0,0,1,0,0
RMOGWMIKYWRTKW-UONOGXRCSA-N,15687,24917,17.31,17.49,0.18,294.14,294.14,-2.25,1,1,1
WKBPZYKAUNRMKP-UHFFFAOYSA-N,44544,234890,19,19.01,0.01,284.07,284.07,2.12,1,1,1
OGYFATSSENRIKG-UHFFFAOYSA-N,5913,26314,20.38,20.58,0.20,329.14,329.14,0.71,1,1,1
CHIFOSRWCNZCFN-UHFFFAOYSA-N,0,0,21.59,0,0,282.14,0,0,1,0,0
VEQOALNAAJBPNY-UHFFFAOYSA-N,0,0,11.9,0,0,189.1,0,0,1,0,0
IDOWTHOLJBTAFI-UHFFFAOYSA-N,13862,22019,17.45,17.46,0.01,301.12,301.12,1.44,1,1,1
XAMUDJHXFNRLCY-UHFFFAOYSA-N,1317,2092,19.85,20,0.15,321.04,321.04,0.7,1,1,1
CXOFVDLJLONNDW-UHFFFAOYSA-N,23807,37818,15.03,14.9,-0.13,253.1,253.1,-1.07,1,1,1
YVPSNUIHHFTTRL-UHFFFAOYSA-N,15704,24944,17.51,17.49,-0.02,293.01,293.01,-0.56,1,1,1
XRQHTUDGPWMPKX-UHFFFAOYSA-N,38151,60598,16.04,16.01,-0.03,277.02,277.02,0.2,1,1,1
IOUNQDKNJZEDEP-UHFFFAOYSA-N,0,0,20.32,0,0,367.99,0,0,1,0,0
RGCLLPNLLBQHPF-HJWRWDBZSA-N,0,0,14.25,0,0,300.08,0,0,1,0,0
ATROHALUCMTWTB-WYMLVPIESA-N,2858,6438,20.25,20.22,-0.03,299.06,299.06,1.3,1,1,1
IBSNKSODLGJUMQ-SDNWHVSQSA-N,40256,125669,19.49,19.55,0.06,368.11,368.11,0.56,1,1,1
RZKYEQDPDZUERB-UHFFFAOYSA-N,0,0,21.14,0,0,231.1,0,0,0,0,0
HYAFETHFCAUJAY-UHFFFAOYSA-N,0,0,11.4,0,0,357.13,0,0,1,0,0
FIPWRIJSWJWJAI-UHFFFAOYSA-N,1065,2096,21.15,21.32,0.17,339.22,339.22,1.3,1,1,1
UNLYSVIDNRIVFJ-UHFFFAOYSA-N,20665,85232,20.59,20.79,0.20,354.13,354.13,0.81,1,1,1
TZBPRYIIJAJUOY-UHFFFAOYSA-N,98949,572156,21.31,21.47,0.16,334.13,334.14,0.48,1,1,1
OLXLPKQCGWYRFQ-UHFFFAOYSA-N,205208,2356809,16.58,16.75,0.17,211.17,211.17,1.04,1,1,1
OIGNJSKKLXVSLS-VWUMJDOOSA-N,0,0,13.78,0,0,361.2,0,0,0,0,0
XOFYZVNMUHMLCC-ZPOLXVRWSA-N,0,0,13.91,0,0,359.19,0,0,0,0,0
ORNBQBCIOKFOEO-QGVNFLHTSA-N,0,0,19.6,0,0,317.25,0,0,0,0,0
YLPGTOIOYRQOHV-UHFFFAOYSA-N,4044,36517,20.75,21.02,0.27,312.17,312.17,0.99,0,1,1
TVLSRXXIMLFWEO-UHFFFAOYSA-N,16518,26237,16.78,16.72,-0.06,376.04,376.04,0.07,1,1,1
QXJKBPAVAHBARF-BETUJISGSA-N,0,0,19.05,0,0,284.02,0,0,1,0,0
QYMMJNLHFKGANY-UHFFFAOYSA-N,0,0,20.89,0,0,372.94,0,0,1,0,0
ISEUFVQQFVOBCY-UHFFFAOYSA-N,0,0,12.38,0,0,226.17,0,0,1,0,0
AAEVYOVXGOFMJO-UHFFFAOYSA-N,22082,35075,15.7,15.71,0.01,242.14,242.14,-0.27,1,1,1
PHNUZKMIPFFYSO-UHFFFAOYSA-N,17496,75718,18.66,18.62,-0.04,256.03,256.03,0.61,1,1,1
MFOUDYKPLGXPGO-UHFFFAOYSA-N,239544,3688321,17.3,17.25,-0.05,212.08,212.08,1.48,1,1,1
LFULEKSKNZEWOE-UHFFFAOYSA-N,0,0,17.78,0,0,218.01,0,0,1,0,0
WJNRPILHGGKWCK-UHFFFAOYSA-N,48878,333465,17.87,17.82,-0.05,230.12,230.12,1.06,1,1,1
BZNDWPRGXNILMS-CLFYSBASSA-N,29107,107498,18.99,19.08,0.09,282.09,282.09,1,1,1,1
VXPLXMJHHKHSOA-UHFFFAOYSA-N,15277,48086,17.65,17.57,-0.08,180.1,180.1,0.1,1,1,1
STJLVHWMYQXCPB-UHFFFAOYSA-N,38245,220229,19.26,19.31,0.05,342.08,342.08,0.53,1,1,1
KZNDFYDURHAESM-UHFFFAOYSA-N,15662,119727,19.86,20,0.14,284.14,284.14,0.62,1,1,1
OLBCVFGFOZPWHH-UHFFFAOYSA-N,0,0,19.89,0,0,179.14,0,0,0,0,0
AQHHHDLHHXJYJD-UHFFFAOYSA-N,47893,129645,11.22,11.23,0.01,260.16,260.16,0.51,0,1,1
QELSKZZBTMNZEB-UHFFFAOYSA-N,0,0,16.47,0,0,181.09,0,0,0,0,0
PXWLVJLKJGVOKE-UHFFFAOYSA-N,26904,42734,16.05,16.04,-0.01,231.15,231.15,1.23,1,1,1
NQLVQOSNDJXLKG-UHFFFAOYSA-N,5842,32846,20.87,21.23,0.36,252.14,252.14,0.55,0,1,1
HHUQPWODPBDTLI-UHFFFAOYSA-N,47746,220897,18.15,18.16,0.01,312.07,312.07,-0.27,0,1,1
QHGVXILFMXYDRS-UHFFFAOYSA-N,1967,7329,19.87,20.01,0.14,361.05,361.05,1.3,1,1,1
HZRSNVGNWUDEFX-UHFFFAOYSA-N,10845,26899,20.07,20.25,0.18,388.11,388.11,-0.77,1,1,1
JOOMJVFZQRQWKR-UHFFFAOYSA-N,6048,15392,20.03,20.16,0.13,374.09,374.09,0.2,1,1,1
BGNQYGRXEXDAIQ-UHFFFAOYSA-N,0,0,17.68,0,0,415.1,0,0,1,0,0
FKERUJTUOYLBKB-UHFFFAOYSA-N,4901,13623,19.41,19.66,0.25,403.06,403.06,-0.47,0,1,1
ZUSHSDOEVHPTCU-UHFFFAOYSA-N,0,0,13.73,0,0,207.03,0,0,1,0,0
CXJSOEPQXUCJSA-UHFFFAOYSA-N,7442,11821,18.25,18.25,0.00,341.07,341.07,0.15,1,1,1
CKPCAYZTYMHQEX-JXAWBTAJSA-N,0,0,15.04,0,0,295.04,0,0,1,0,0
RRKHIAYNPVQKEF-UHFFFAOYSA-N,18419,104677,18.23,18.3,0.07,319.07,319.07,0.21,1,1,1
ZLIBICFPKPWGIZ-UHFFFAOYSA-N,0,0,16.64,0,0,200.12,0,0,1,0,0
ITKAIUGKVKDENI-UHFFFAOYSA-N,141822,827492,18.17,18.06,-0.11,378.19,378.19,1.28,1,1,1
QEGVVEOAVNHRAA-UHFFFAOYSA-N,0,0,17.28,0,0,327.02,0,0,1,0,0
XRJLAOUDSILTFT-UHFFFAOYSA-N,0,0,14.41,0,0,174.09,0,0,1,0,0
JYQUHIFYBATCCY-UHFFFAOYSA-N,7018,25076,19.74,19.91,0.17,299.06,299.06,0.89,1,1,1
OBLNWSCLAYSJJR-UHFFFAOYSA-N,0,0,15.67,0,0,208.02,0,0,1,0,0
WRPIRSINYZBGPK-UHFFFAOYSA-N,7982,78157,21.39,21.51,0.12,308,308,0.59,1,1,1
RUGYNGIMTAFTLP-UHFFFAOYSA-N,30427,102723,16.87,16.8,-0.07,213.11,213.11,-4.82,1,1,1
XFKVYXCRNATCOO-UHFFFAOYSA-M,168941,475179,13.94,13.56,-0.38,443.23,443.23,1.15,0,1,1
AFOZBVKCZXHDER-UHFFFAOYSA-N,0,0,15.25,0,0,325.1,0,0,1,0,0
YKUAHBLGZCTWPS-UHFFFAOYSA-N,0,0,13.29,0,0,368.1,0,0,1,0,0
NCDNCNXCDXHOMX-XGKFQTDJSA-N,0,0,18.33,0,0,721.32,0,0,1,0,0
MOOFYEJFXBSZGE-LQGKIZFRSA-N,0,0,13.51,0,0,334.06,0,0,1,0,0
RXZBMPWDPOLZGW-XMRMVWPWSA-N,0,0,12.39,0,0,837.53,0,0,1,0,0
NDAUXUAQIAJITI-UHFFFAOYSA-N,0,0,14.09,0,0,240.16,0,0,0,0,0
BZRUVKZGXNSXMB-UHFFFAOYSA-N,48878,333465,17.75,17.82,0.07,230.12,230.12,1.06,1,1,1
ZJMZZNVGNSWOOM-UHFFFAOYSA-N,0,0,12.47,0,0,226.17,0,0,1,0,0
MXMXHPPIGKYTAR-UHFFFAOYSA-N,45882,178038,19.37,19.46,0.09,268.12,268.12,0.69,1,1,1
ODCWYMIRDDJXKW-UHFFFAOYSA-N,216196,1856768,15.01,15.03,0.02,202.09,202.09,1.38,0,1,1
YABFPHSQTSFWQB-CQSZACIVSA-N,18467,97380,17.83,17.89,0.06,294.14,294.14,-4.43,1,1,1
YABFPHSQTSFWQB-AWEZNQCLSA-N,59196,568525,17.38,17.52,0.14,294.14,294.14,-4.74,1,1,1
MGLWZSOBALDPEK-UHFFFAOYSA-N,0,0,13.07,0,0,214.11,0,0,1,0,0
CLSVJBIHYWPGQY-GGYDESQDSA-N,0,0,17.49,0,0,374.2,0,0,0,0,0
HPQGJNTUXNUIDL-FCQANMBYSA-N,0,0,14.17,0,0,304.19,0,0,0,0,0
PUYXTUJWRLOUCW-UHFFFAOYSA-N,197119,1184929,12.8,12.53,-0.27,298.27,298.27,0.37,0,1,1
ZZORFUFYDOWNEF-UHFFFAOYSA-N,0,0,14.35,0,0,311.08,0,0,1,0,0
ASWVTGNCAZCNNR-UHFFFAOYSA-N,0,0,12.22,0,0,279.09,0,0,1,0,0
VACCAVUAMIDAGB-UHFFFAOYSA-N,22734,36111,11.95,11.89,-0.06,271.03,271.03,-1.09,1,1,1
VGKDLMBJGBXTGI-SJCJKPOMSA-N,0,0,13.45,0,0,254.06,0,0,1,0,0
GWBPFRGXNGPPMF-UHFFFAOYSA-N,0,0,15.34,0,0,336.06,0,0,1,0,0
OORLZFUTLGXMEF-UHFFFAOYSA-N,0,0,15.98,0,0,386.99,0,0,1,0,0
XIUROWKZWPIAIB-UHFFFAOYSA-N,0,0,20.13,0,0,323.03,0,0,1,0,0
NKANXQFJJICGDU-QPLCGJKRSA-N,70560,138503,14,13.68,-0.32,372.23,372.23,0.79,0,1,1
PXMNMQRDXWABCY-UHFFFAOYSA-N,50595,211358,18.51,18.53,0.02,308.15,308.15,0.45,1,1,1
QYPNKSZPJQQLRK-UHFFFAOYSA-N,6821,26697,19.21,19.14,-0.07,353.22,353.22,1.13,0,1,1
AWYOMXWDGWUJHS-UHFFFAOYSA-N,2129,5905,21.54,21.74,0.20,319.12,319.12,1,1,1,1
RJKCKKDSSSRYCB-UHFFFAOYSA-N,669553,5343821,19.09,19.16,0.07,234.19,234.19,0.79,1,1,1
HBPDKDSFLXWOAE-UHFFFAOYSA-N,0,0,14.26,0,0,229.11,0,0,1,0,0
IOYNQIMAUDJVEI-ZFNPBRLTSA-N,5085,8077,18.88,18.82,-0.06,342.15,342.14,-4.88,1,1,1
PHXHZCIAPNNPTQ-CKGNMCEGSA-N,0,0,18.53,0,0,342.15,0,0,1,0,0
PNRAZZZISDRWMV-UHFFFAOYSA-N,23762,219232,20.43,20.61,0.18,278.21,278.21,0.75,0,1,1
DWZSTEUTHNUVQD-UHFFFAOYSA-N,96072,653704,18.42,18.46,0.04,321.04,321.04,0.57,1,1,1
BCQMBFHBDZVHKU-UHFFFAOYSA-N,0,0,12.32,0,0,226.17,0,0,1,0,0
XWTYSIMOBUGWOL-UHFFFAOYSA-N,22642,78145,8.04,7.93,-0.11,226.14,226.14,1,0,1,1
FZXISNSWEXTPMF-UHFFFAOYSA-N,112476,582370,18.09,18.04,-0.05,230.12,230.12,0.92,1,1,1
LMKQNTMFZLAJDV-UHFFFAOYSA-N,571571,8462723,15.46,15.41,-0.05,202.09,202.09,0.85,0,1,1
IROINLKCQGIITA-UHFFFAOYSA-N,22082,35075,15.86,15.71,-0.15,242.14,242.14,-0.27,1,1,1
MOYAFQVGZZPNRA-UHFFFAOYSA-N,0,0,17.77,0,0,137.13,0,0,0,0,0
MUMGGOZAMZWBJJ-DYKIIFRCSA-N,0,0,16.89,0,0,289.22,0,0,0,0,0
UBCKGWBNUIFUST-YHYXMXQVSA-N,5725,9032,18.64,18.95,0.31,364.91,364.91,0.99,0,1,1
LQDARGUHUSPFNL-UHFFFAOYSA-N,34876,101460,18.18,18.13,-0.05,372.03,372.03,-0.41,1,1,1
KDWQYMVPYJGPHS-UHFFFAOYSA-N,11552,25596,19.02,19.08,0.06,324.08,N/A,0,1,1,1
HOKKPVIRMVDYPB-UVTDQMKNSA-N,0,0,14.38,0,0,253.03,0,0,1,0,0
YIJZJEYQBAAWRJ-UHFFFAOYSA-N,51285,219546,19.95,20.05,0.10,397.1,397.1,1.08,1,1,1
QHTQREMOGMZHJV-UHFFFAOYSA-N,0,0,20.48,0,0,258.07,0,0,1,0,0
XDOTVMNBCQVZKG-UHFFFAOYSA-N,0,0,15.12,0,0,355.06,0,0,1,0,0
FZSVSABTBYGOQH-XFFZJAGNSA-N,0,0,16.49,0,0,219.12,0,0,1,0,0
NLMRMVVMKCKWFL-YRNVUSSQSA-N,0,0,16.39,0,0,235.11,0,0,1,0,0
IRVDMKJLOCGUBJ-UHFFFAOYSA-N,182371,1857949,17.56,17.52,-0.04,249.05,249.05,0.68,1,1,1
OCINXEZVIIVXFU-UHFFFAOYSA-N,0,0,18.97,0,0,426.07,0,0,1,0,0
VBUNOIXRZNJNAD-UHFFFAOYSA-N,0,0,17.7,0,0,458.06,0,0,1,0,0
QWKYIPKCLAUFCM-UHFFFAOYSA-N,0,0,16.43,0,0,442.07,0,0,1,0,0
HYVWIQDYBVKITD-UHFFFAOYSA-N,0,0,20.17,0,0,346.99,0,0,1,0,0
DQFPEYARZIQXRM-LTGZKZEYSA-N,0,0,21.72,0,0,330.21,0,0,0,0,0
TVYLLZQTGLZFBW-UHFFFAOYSA-N,7149,11355,10.25,10.29,0.04,264.2,264.2,1.12,1,1,1
KJPRLNWUNMBNBZ-QPJJXVBHSA-N,0,0,18.55,0,0,133.06,0,0,0,0,0
WURBVZBTWMNKQT-UHFFFAOYSA-N,33810,163988,18.22,18.19,-0.03,294.1,294.1,1.01,1,1,1
BAZVSMNPJJMILC-STQMWFEESA-N,13518,21473,17.25,17.39,0.14,296.12,296.12,2.26,1,1,1
BAZVSMNPJJMILC-STQMWFEESA-N,13518,21473,17.48,17.39,-0.09,296.12,296.12,2.26,1,1,1
AMFGTOFWMRQMEM-UHFFFAOYSA-N,33852,151192,18.85,18.87,0.02,314.07,314.07,0.25,1,1,1
IQGKIPDJXCAMSM-UHFFFAOYSA-N,0,0,14.4,0,0,248.03,0,0,1,0,0
STCOOQWBFONSKY-UHFFFAOYSA-N,563782,2487268,19.82,19.91,0.09,267.17,267.17,1.13,1,1,1
WOURXYYHORRGQO-UHFFFAOYSA-N,6913006,61562516,17.72,17.6,-0.12,327.01,327.01,0.21,1,1,1
ICUTUKXCWQYESQ-UHFFFAOYSA-N,0,0,20.46,0,0,314.99,0,0,1,0,0
BOSMZFBHAYFUBJ-UHFFFAOYSA-N,0,0,21.53,0,0,369.13,0,0,1,0,0
YTOPFCCWCSOHFV-UHFFFAOYSA-N,91536,956974,14.03,13.7,-0.33,298.31,298.31,1.18,0,1,1
HFBWPRKWDIRYNX-UHFFFAOYSA-N,143931,1207234,19.19,19.24,0.05,230.12,230.12,1.46,1,1,1
DQWPFSLDHJDLRL-UHFFFAOYSA-N,0,0,13.5,0,0,183.08,0,0,0,0,0
ONCZDRURRATYFI-QTCHDTBASA-N,1608,3547,20.48,20.62,0.14,409.14,409.14,-0.2,1,1,1
XAIPTRIXGHTTNT-UHFFFAOYSA-N,0,0,19.53,0,0,359.04,0,0,1,0,0
IEDVJHCEMCRBQM-UHFFFAOYSA-N,4615,7331,9.18,8.99,-0.19,291.15,291.15,0.74,1,1,1
DBGVGMSCBYYSLD-UHFFFAOYSA-N,0,0,20.18,0,0,291.11,0,0,1,0,0
DFFWZNDCNBOKDI-KTKRTIGZSA-N,0,0,14.09,0,0,225.08,0,0,1,0,0
XZZNDPSIHUTMOC-UHFFFAOYSA-N,140059,586126,19.87,19.99,0.12,327.08,327.08,0.35,1,1,1
XBRCDWHXULVEFB-UHFFFAOYSA-N,0,0,22.3,0,0,351.02,0,0,1,0,0
WTLBZVNBAKMVDP-UHFFFAOYSA-N,5851776,26840790,20.47,20.65,0.18,399.25,399.25,0.36,0,1,1
HRKAMJBPFPHCSD-UHFFFAOYSA-N,2674461,12665559,19.95,20.06,0.11,267.17,267.17,1.02,0,1,1
ASLWPAWFJZFCKF-UHFFFAOYSA-N,0,0,19.17,0,0,428.89,0,0,1,0,0
PPDBOQMNKNNODG-NTEUORMPSA-N,0,0,17.58,0,0,318.14,0,0,1,0,0
YNWVFADWVLCOPU-MDWZMJQESA-N,21359,115912,18.15,18.09,-0.06,292.12,292.12,0.85,1,1,1
NIJJYAXOARWZEE-UHFFFAOYSA-N,0,0,17.07,0,0,145.12,0,0,0,0,0
ACWBQPMHZXGDFX-QFIPXVFZSA-N,131414,967317,16.98,17,0.02,436.23,436.23,-1.13,1,1,1
MWOOGOJBHIARFG-UHFFFAOYSA-N,0,0,12.58,0,0,153.05,0,0,0,0,0
PNVNVHUZROJLTJ-UHFFFAOYSA-N,0,0,10.96,0,0,278.21,0,0,0,0,0
SGTNSNPWRIOYBX-UHFFFAOYSA-N,271652,2889229,12.13,11.85,-0.28,455.29,455.29,0.15,0,1,1
PJVWKTKQMONHTI-UHFFFAOYSA-N,0,0,17.42,0,0,309.11,0,0,0,0,0